To,Location,I/O Standard,Weak Pull-Up Resistor
CLOCK_50,PIN_Y2,3.3-V LVTTL,
KEY[0],PIN_M23,2.5 V,
KEY[1],PIN_M21,2.5 V,
KEY[2],PIN_N21,2.5 V,
KEY[3],PIN_R24,2.5 V,
CAM_D[0],PIN_AF22,3.3-V LVTTL,
CAM_D[1],PIN_AF21,3.3-V LVTTL,
CAM_D[2],PIN_AE22,3.3-V LVTTL,
CAM_D[3],PIN_AC22,3.3-V LVTTL,
CAM_D[4],PIN_AF25,3.3-V LVTTL,
CAM_D[5],PIN_AE21,3.3-V LVTTL,
CAM_D[6],PIN_AF24,3.3-V LVTTL,
CAM_D[7],PIN_AF15,3.3-V LVTTL,
CAM_HREF,PIN_AD25,3.3-V LVTTL,
CAM_PCLK,PIN_AD19,3.3-V LVTTL,
CAM_PWDN,PIN_AC19,3.3-V LVTTL,
CAM_RESET_N,PIN_AD22,3.3-V LVTTL,
CAM_SIOC,PIN_AH25,3.3-V LVTTL,On
CAM_SIOD,PIN_AG25,3.3-V LVTTL,On
CAM_VSYNC,PIN_AE25,3.3-V LVTTL,
VGA_B[0],PIN_B10,3.3-V LVTTL,
VGA_B[1],PIN_A10,3.3-V LVTTL,
VGA_B[2],PIN_C11,3.3-V LVTTL,
VGA_B[3],PIN_B11,3.3-V LVTTL,
VGA_B[4],PIN_A11,3.3-V LVTTL,
VGA_B[5],PIN_C12,3.3-V LVTTL,
VGA_B[6],PIN_D11,3.3-V LVTTL,
VGA_B[7],PIN_D12,3.3-V LVTTL,
VGA_G[0],PIN_G8,3.3-V LVTTL,
VGA_G[1],PIN_G11,3.3-V LVTTL,
VGA_G[2],PIN_F8,3.3-V LVTTL,
VGA_G[3],PIN_H12,3.3-V LVTTL,
VGA_G[4],PIN_C8,3.3-V LVTTL,
VGA_G[5],PIN_B8,3.3-V LVTTL,
VGA_G[6],PIN_F10,3.3-V LVTTL,
VGA_G[7],PIN_C9,3.3-V LVTTL,
VGA_R[0],PIN_E12,3.3-V LVTTL,
VGA_R[1],PIN_E11,3.3-V LVTTL,
VGA_R[2],PIN_D10,3.3-V LVTTL,
VGA_R[3],PIN_F12,3.3-V LVTTL,
VGA_R[4],PIN_G10,3.3-V LVTTL,
VGA_R[5],PIN_J12,3.3-V LVTTL,
VGA_R[6],PIN_H8,3.3-V LVTTL,
VGA_R[7],PIN_H10,3.3-V LVTTL,
VGA_CLK,PIN_A12,3.3-V LVTTL,
VGA_BLANK_N,PIN_F11,3.3-V LVTTL,
VGA_SYNC_N,PIN_C10,3.3-V LVTTL,
VGA_HS,PIN_G13,3.3-V LVTTL,
VGA_VS,PIN_C13,3.3-V LVTTL,
DRAM_ADDR[0],PIN_R6,3.3-V LVTTL,
DRAM_ADDR[1],PIN_V8,3.3-V LVTTL,
DRAM_ADDR[2],PIN_U8,3.3-V LVTTL,
DRAM_ADDR[3],PIN_P1,3.3-V LVTTL,
DRAM_ADDR[4],PIN_V5,3.3-V LVTTL,
DRAM_ADDR[5],PIN_W8,3.3-V LVTTL,
DRAM_ADDR[6],PIN_W7,3.3-V LVTTL,
DRAM_ADDR[7],PIN_AA7,3.3-V LVTTL,
DRAM_ADDR[8],PIN_Y5,3.3-V LVTTL,
DRAM_ADDR[9],PIN_Y6,3.3-V LVTTL,
DRAM_ADDR[10],PIN_R5,3.3-V LVTTL,
DRAM_ADDR[11],PIN_AA5,3.3-V LVTTL,
DRAM_ADDR[12],PIN_Y7,3.3-V LVTTL,
DRAM_BA[0],PIN_U7,3.3-V LVTTL,
DRAM_BA[1],PIN_R4,3.3-V LVTTL,
DRAM_CAS_N,PIN_V7,3.3-V LVTTL,
DRAM_CKE,PIN_AA6,3.3-V LVTTL,
DRAM_CLK,PIN_AE5,3.3-V LVTTL,
DRAM_CS_N,PIN_T4,3.3-V LVTTL,
DRAM_DQ[0],PIN_W3,3.3-V LVTTL,
DRAM_DQ[1],PIN_W2,3.3-V LVTTL,
DRAM_DQ[2],PIN_V4,3.3-V LVTTL,
DRAM_DQ[3],PIN_W1,3.3-V LVTTL,
DRAM_DQ[4],PIN_V3,3.3-V LVTTL,
DRAM_DQ[5],PIN_V2,3.3-V LVTTL,
DRAM_DQ[6],PIN_V1,3.3-V LVTTL,
DRAM_DQ[7],PIN_U3,3.3-V LVTTL,
DRAM_DQ[8],PIN_Y3,3.3-V LVTTL,
DRAM_DQ[9],PIN_Y4,3.3-V LVTTL,
DRAM_DQ[10],PIN_AB1,3.3-V LVTTL,
DRAM_DQ[11],PIN_AA3,3.3-V LVTTL,
DRAM_DQ[12],PIN_AB2,3.3-V LVTTL,
DRAM_DQ[13],PIN_AC1,3.3-V LVTTL,
DRAM_DQ[14],PIN_AB3,3.3-V LVTTL,
DRAM_DQ[15],PIN_AC2,3.3-V LVTTL,
DRAM_DQ[16],PIN_M8,3.3-V LVTTL,
DRAM_DQ[17],PIN_L8,3.3-V LVTTL,
DRAM_DQ[18],PIN_P2,3.3-V LVTTL,
DRAM_DQ[19],PIN_N3,3.3-V LVTTL,
DRAM_DQ[20],PIN_N4,3.3-V LVTTL,
DRAM_DQ[21],PIN_M4,3.3-V LVTTL,
DRAM_DQ[22],PIN_M7,3.3-V LVTTL,
DRAM_DQ[23],PIN_L7,3.3-V LVTTL,
DRAM_DQ[24],PIN_U5,3.3-V LVTTL,
DRAM_DQ[25],PIN_R7,3.3-V LVTTL,
DRAM_DQ[26],PIN_R1,3.3-V LVTTL,
DRAM_DQ[27],PIN_R2,3.3-V LVTTL,
DRAM_DQ[28],PIN_R3,3.3-V LVTTL,
DRAM_DQ[29],PIN_T3,3.3-V LVTTL,
DRAM_DQ[30],PIN_U4,3.3-V LVTTL,
DRAM_DQ[31],PIN_U1,3.3-V LVTTL,
DRAM_DQM[0],PIN_U2,3.3-V LVTTL,
DRAM_DQM[1],PIN_W4,3.3-V LVTTL,
DRAM_DQM[2],PIN_K8,3.3-V LVTTL,
DRAM_DQM[3],PIN_N8,3.3-V LVTTL,
DRAM_RAS_N,PIN_U6,3.3-V LVTTL,
DRAM_WE_N,PIN_V6,3.3-V LVTTL,
SRAM_ADDR[0],PIN_AB7,3.3-V LVTTL,
SRAM_ADDR[1],PIN_AD7,3.3-V LVTTL,
SRAM_ADDR[2],PIN_AE7,3.3-V LVTTL,
SRAM_ADDR[3],PIN_AC7,3.3-V LVTTL,
SRAM_ADDR[4],PIN_AB6,3.3-V LVTTL,
SRAM_ADDR[5],PIN_AE6,3.3-V LVTTL,
SRAM_ADDR[6],PIN_AB5,3.3-V LVTTL,
SRAM_ADDR[7],PIN_AC5,3.3-V LVTTL,
SRAM_ADDR[8],PIN_AF5,3.3-V LVTTL,
SRAM_ADDR[9],PIN_T7,3.3-V LVTTL,
SRAM_ADDR[10],PIN_AF2,3.3-V LVTTL,
SRAM_ADDR[11],PIN_AD3,3.3-V LVTTL,
SRAM_ADDR[12],PIN_AB4,3.3-V LVTTL,
SRAM_ADDR[13],PIN_AC3,3.3-V LVTTL,
SRAM_ADDR[14],PIN_AA4,3.3-V LVTTL,
SRAM_ADDR[15],PIN_AB11,3.3-V LVTTL,
SRAM_ADDR[16],PIN_AC11,3.3-V LVTTL,
SRAM_ADDR[17],PIN_AB9,3.3-V LVTTL,
SRAM_ADDR[18],PIN_AB8,3.3-V LVTTL,
SRAM_ADDR[19],PIN_T8,3.3-V LVTTL,
SRAM_DQ[0],PIN_AH3,3.3-V LVTTL,
SRAM_DQ[1],PIN_AF4,3.3-V LVTTL,
SRAM_DQ[2],PIN_AG4,3.3-V LVTTL,
SRAM_DQ[3],PIN_AH4,3.3-V LVTTL,
SRAM_DQ[4],PIN_AF6,3.3-V LVTTL,
SRAM_DQ[5],PIN_AG6,3.3-V LVTTL,
SRAM_DQ[6],PIN_AH6,3.3-V LVTTL,
SRAM_DQ[7],PIN_AF7,3.3-V LVTTL,
SRAM_DQ[8],PIN_AD1,3.3-V LVTTL,
SRAM_DQ[9],PIN_AD2,3.3-V LVTTL,
SRAM_DQ[10],PIN_AE2,3.3-V LVTTL,
SRAM_DQ[11],PIN_AE1,3.3-V LVTTL,
SRAM_DQ[12],PIN_AE3,3.3-V LVTTL,
SRAM_DQ[13],PIN_AE4,3.3-V LVTTL,
SRAM_DQ[14],PIN_AF3,3.3-V LVTTL,
SRAM_DQ[15],PIN_AG3,3.3-V LVTTL,
SRAM_UB_N,PIN_AC4,3.3-V LVTTL,
SRAM_LB_N,PIN_AD4,3.3-V LVTTL,
SRAM_CE_N,PIN_AF8,3.3-V LVTTL,
SRAM_OE_N,PIN_AD5,3.3-V LVTTL,
SRAM_WE_N,PIN_AE8,3.3-V LVTTL,
